{
  "mean": [
    0.0021660750428693716,
    71.23897857641124,
    95.57560559949957,
    123.65595595287512,
    76.78727280945391
  ],
  "std": [
    1.0037685354210326,
    66.38765751762661,
    2.45984200040581,
    27.981405507603952,
    16.179549401362962
  ]
}